{
    // NOTE: no enteindo para que se usa
    "name": "Go Dev Container",
    "dockerComposeFile": "docker-compose.yml",
    "service": "greeter-client",  // O el nombre del servicio que estás desarrollando
    "workspaceFolder": "/app",
    "settings": {
      "go.useLanguageServer": true
    },
    "extensions": [
      "golang.Go",
      "ms-vscode-remote.remote-containers"
    ],
    "postCreateCommand": "go mod tidy",
    "forwardPorts": [2345],  // Puerto Delve o el que necesites
    "runArgs": ["--cap-add=SYS_PTRACE", "--security-opt", "seccomp=unconfined"]
  }
  