DOMICILIO,LOCALIDAD
GRAL JOSE DE SAN MARTIN 691,SAN MIGUEL DE TUCUMAN
GRAL JOSE DE SAN MARTIN 825,SAN MIGUEL DE TUCUMAN
CRISOSTOMO ALVAREZ 1070,SAN MIGUEL DE TUCUMAN
AVDA RIVADAVIA 451,ALDERETES
AVDA DOMINGO FAUSTINO SARMIENTO 745,SAN MIGUEL DE TUCUMAN
LAMADRID 72,MONTEROS
CONGRESO DE TUCUMAN 514,SAN MIGUEL DE TUCUMAN
GRAL JUAN RAMIREZ DE VELAZCO 3062,SAN MIGUEL DE TUCUMAN
AVDA DR JUAN BAUTISTA JUSTO 1149,SAN MIGUEL DE TUCUMAN
AVDA DR JUAN BAUTISTA JUSTO 924,SAN MIGUEL DE TUCUMAN
PROVINCIA DE ENTRE RIOS 130,SAN MIGUEL DE TUCUMAN
GRAL JOSE DE SAN MARTIN 853,SAN MIGUEL DE TUCUMAN
PROVINCIA DE SANTIAGO DEL ESTERO 455,SAN MIGUEL DE TUCUMAN
AVDA SAN MARTIN 168,VILLA LA TRINIDAD
AVDA JULIO ARGENTINO ROCA 3450,SAN MIGUEL DE TUCUMAN
CAMINO DEL PERÚ  950,SAN MIGUEL DE TUCUMAN
AVDA DR JUAN BAUTISTA JUSTO 2002,SAN MIGUEL DE TUCUMAN
AVDA ACONQUIJA 1799,YERBA BUENA
CNO DEL PERU 85,SAN MIGUEL DE TUCUMAN
AVDA JULIO ARGENTINO ROCA 3057,SAN MIGUEL DE TUCUMAN
CATAMARCA 608,CONCEPCION
AVDA PROVINCIA DE SALTA 395,SAN MIGUEL DE TUCUMAN
AVDA MÑOR GREGORIO DE JESUS DIAZ 499,BANDA DEL RIO SALI
GRAL MANUEL BELGRANO 42,MONTEROS
PRES BERNARDINO RIVADAVIA 88,SAN MIGUEL DE TUCUMAN
DR BERNARDO DE MONTEAGUDO 112,SAN MIGUEL DE TUCUMAN
HIPOLITO YRIGOYEN S/N  0,AMAICHA DEL VALLE
MORENO 1290,CONCEPCION
SAN JUAN 245,CONCEPCION
RIVADAVIA 490,JUAN BAUTISTA ALBERDI
SAN MARTIN   175,LA COCHA
9 DE JULIO 225,SIMOCA
AVDA LEANDRO NICEFORO ALEM 56,SAN MIGUEL DE TUCUMAN
AVDA SALTA 1398,SAN MIGUEL DE TUCUMAN
AVDA DR MANUEL BELGRANO 2755,SAN MIGUEL DE TUCUMAN
SARMIENTO 140,LA COCHA
24 DE SEPTIEMBRE 202,TAFI VIEJO
AVDA DR JUAN BAUTISTA JUSTO 1522,SAN MIGUEL DE TUCUMAN
JUAN XXIII 501,BELLA VISTA
9 DE JULIO S/N 0,LOS SARMIENTOS
AVDA LEANDRO NICEFORO ALEM 1796,SAN MIGUEL DE TUCUMAN
AVDA NASIF ESTEFANO 119,CONCEPCION
ITALIA 1361,CONCEPCION
AV EJERCITO DEL NORTE 0,SAN MIGUEL DE TUCUMAN
MARIANO MORENO 541,SAN MIGUEL DE TUCUMAN
AVDA BARTOLOME MITRE 829,SAN MIGUEL DE TUCUMAN
AVDA JULIO ARGENTINO ROCA 879,SAN MIGUEL DE TUCUMAN
BAT DE JUNIN 107,SAN MIGUEL DE TUCUMAN
AVDA INDEPENDENCIA 2752,SAN MIGUEL DE TUCUMAN
MENDOZA 514,SAN MIGUEL DE TUCUMAN
MAIPU  140,SAN MIGUEL DE TUCUMAN
25 DE MAYO DE 1810 319,SAN MIGUEL DE TUCUMAN
AVDA PRES PERON 120,TAFI DEL VALLE
BALCARCE 205,LASTENIA
25 DE MAYO 585,SAN MIGUEL DE TUCUMAN
GREGORIA MATORRAS 327,CONCEPCION
BAT DE MAIPU 23,SAN MIGUEL DE TUCUMAN
24 DE SEPTIEMBRE 440,SAN MIGUEL DE TUCUMAN
CRISOSTOMO ALVAREZ 464,SAN MIGUEL DE TUCUMAN
PJE JOSE HUMBERTO DELGADO 359,LULES
ERNESTO TORNQUIST 696,LASTENIA
AVDA 24 DE SEPTIEMBRE 380,SAN MIGUEL DE TUCUMAN
REP DE GUATEMALA 0,BANDA DEL RIO SALI
AVDA PROVINCIA DE CATAMARCA 426,SAN MIGUEL DE TUCUMAN
CAMINO DE SIRGA Y SAN MARTIN PASEO LAS CAÑAS 5,YERBA BUENA
AV JUJUY Y DEMOCRACI- 0,SAN MIGUEL DE TUCUMAN
MAIPU-LOCAL 19 80,SAN MIGUEL DE TUCUMAN
AVDA LEANDRO NICEFORO ALEM 267,SAN MIGUEL DE TUCUMAN
REPUBLICA 194,LASTENIA
GRAL JUAN LAVALLE 765,SAN MIGUEL DE TUCUMAN
BAT DE AYACUCHO 401,SAN MIGUEL DE TUCUMAN
RIVADAVIA 385,FAMAILLA
ITALIA 1147,CONCEPCION
FRANCIA 1333,CONCEPCION
S/N B° LA COSTA 1  0,TAFI DEL VALLE
AVDA SAN MARTIN 3,LOS RALOS
MITRE -VILLA NUEVA 250,RANCHILLOS
AVDA FRANCISCO MARINA ALFARO 1181,SAN MIGUEL DE TUCUMAN
DOMINGO MATHEU 114,SAN MIGUEL DE TUCUMAN
AVDA MITRE 204,AGUILARES
AVDA SOLANO VERA 265,YERBA BUENA
AVDA SOLANO VERA 530,YERBA BUENA
GRAL JUAN LAVALLE 1851,SAN MIGUEL DE TUCUMAN
SAN MARTIN 2414,CONCEPCION
AVDA RIVADAVIA 631,ALDERETES
PROVINCIA DE SANTA FE 15,SAN MIGUEL DE TUCUMAN
AVDA ACONQUIJA 1336,YERBA BUENA
AVDA LEANDRO NICEFORO ALEM 372,TAFI VIEJO
9 DE JULIO DE 1816 355,SAN MIGUEL DE TUCUMAN
AV JUAN B JUSTO 3380,SAN MIGUEL DE TUCUMAN
AVDA BARTOLOME MITRE 189,SAN MIGUEL DE TUCUMAN
OB JOSE EUSEBIO COLOMBRES 2698,CONCEPCION
AVDA CRISTOBAL COLON 557,SAN MIGUEL DE TUCUMAN
PRES HIPOLITO YRIGOYEN 620,CONCEPCION
BAT DE JUNIN 254,SAN MIGUEL DE TUCUMAN
HIPOLITO IRIGOYEN 296,VILLA TRANCAS
ALICIA GARZON 850 - LOMAS DE TAFI 0,TAFI VIEJO
9 DE JULIO Y 25 DE MAYO 0,LAS CEJAS
AVENIDA NESTOR KIRCHNER 1764,SAN MIGUEL DE TUCUMAN
RIVADAVIA 79,CONCEPCION
Av Güemes y Av Francia  0,CONCEPCION
VICENTE LOPEZ Y PLANES 195  195,CONCEPCION
AVDA DR MANUEL BELGRANO 3598,SAN MIGUEL DE TUCUMAN
CORDOBA 649,SAN MIGUEL DE TUCUMAN
AVDA SARMIENTO 1074,AGUILARES
CALLE 6 373,LAS TALITAS
24 DE SEPTIEMBRE 850,MONTEROS
COLON 212,MONTEROS
Av San Martin 99,SAN ANDRES
PROVINCIA DE CORRIENTES 2304,SAN MIGUEL DE TUCUMAN
Rivadavia 193,FAMAILLA
INMACULADA CONCEPCION 220,RIO SECO
AVDA ACONQUIJA 1561,YERBA BUENA
PROVINCIA DE CORRIENTES 826,SAN MIGUEL DE TUCUMAN
AVDA DR MANUEL BELGRANO 2872,SAN MIGUEL DE TUCUMAN
BAT DE AYACUCHO 210,SAN MIGUEL DE TUCUMAN
AVDA DR MANUEL BELGRANO 1690,SAN MIGUEL DE TUCUMAN
Avenida San Martín 186,BANDA DEL RIO SALI
AVENIDA PRESIDENTE PERON  150,YERBA BUENA
AVDA DOMINGO FAUSTINO SARMIENTO 561,JUAN BAUTISTA ALBERDI
TUCUMAN Y 9 DE JULIO 1,SAN PEDRO DE COLALAO
BARRIO SAN MARTIN MZA 19 CASA 13 1,LOS NOGALES
DR BERNARDO DE MONTEAGUDO 467,SAN MIGUEL DE TUCUMAN
LIDORO J QUINTEROS 270,JUAN BAUTISTA ALBERDI
AV MITRE 831,AGUILARES
AVDA SAN MARTIN 4,SAN PABLO
25 DE MAYO 238,SIMOCA
BAT DE CHACABUCO 65,SAN MIGUEL DE TUCUMAN
sobre Ruta 157 1,LAMADRID
SAN MARTIN 810,MONTEROS
EDUARDO BULNES 1463,SAN MIGUEL DE TUCUMAN
AVDA NICOLAS AVELLANEDA 52,SAN MIGUEL DE TUCUMAN
GRAL JOSE MARIA PAZ 994,SAN MIGUEL DE TUCUMAN
25 DE MAYO 1,COLALAO DEL VALLE
AVDA BENJAMIN ARAOZ 1117,SAN MIGUEL DE TUCUMAN
EDUARDO BULNES 1681,SAN MIGUEL DE TUCUMAN
Avenida Constitución 2500,TAFI VIEJO
ZOILO DOMINGUEZ 111,LULES
PROVINCIA DE CORDOBA 99,SAN MIGUEL DE TUCUMAN
CORDOBA 758,SAN MIGUEL DE TUCUMAN
AVDA ADOLFO DE LA VEGA 348,SAN MIGUEL DE TUCUMAN
GRAL MANUEL BELGRANO 268,CONCEPCION
BAT DE JUNIN 418,SAN MIGUEL DE TUCUMAN
San Martin 30,SANTA ANA
Avenida Juan Calchaquí 1,TAFI DEL VALLE
LIDORO J QUINTEROS 488,JUAN BAUTISTA ALBERDI
AVDA FRANCISCO DE AGUIRRE 2110,SAN MIGUEL DE TUCUMAN
ESPAÃA 631,CONCEPCION
25 DE MAYO 91,BURRUYACU
