{
   "id": "EVTroot",
   "title": "Festival Internacional de Cine",
   "description": "Únete a nosotros para explorar películas premiadas de todo el mundo en este evento anual de cine. Disfruta de proyecciones, paneles de discusión y encuentros con creadores.",
   "location": "Centro Cultural Ciudad, Calle Falsa 123, Ciudad Metrópolis",
   "startTime": "2024-05-20T15:00:00Z",
   "endTime": "2024-05-25T23:00:00Z",
   "category": "EntertaimentCine",
   "creatorId": "USR1000321",
   "isPublic": true,
   "isRecurring": false,
   "seriesId": "",
   "status": "Scheduled"
}
