{
	"name": "goenvcontainer",
	"dockerComposeFile": ["docker-compose.yml"],
    "service": "vscode",
    "runServices": ["vscode"],
    "shutdownAction": "stopCompose",
    "workspaceFolder": "/workspace",
	"settings": {
		"terminal.integrated.profiles.linux": {
			"zsh (login)": {
				"path": "zsh",
				"args": ["-l"]
			}
		},
		"go.toolsManagement.checkForUpdates": "local",
		"go.gopath": "/go",
		"go.useLanguageServer": true,
		"workbench.colorTheme": "Cobalt2",
		"go.lintTool": "golangci-lint",
        "go.buildOnSave": "workspace",
        "go.lintOnSave": "workspace",
        "go.vetOnSave": "workspace",
	},

	// Use 'forwardPorts' to make a list of ports inside the container available locally.
	// "forwardPorts": [9000],

	// Use 'portsAttributes' to set default properties for specific forwarded ports. More info: https://code.visualstudio.com/docs/remote/devcontainerjson-reference.
	//"portsAttributes": {
	//	"9000": {
	//		"label": "Hello Remote World",
	//		"onAutoForward": "notify"
	//	}
	//},

	// Use 'otherPortsAttributes' to configure any ports that aren't configured using 'portsAttributes'.
	// "otherPortsAttributes": {
	// 		"onAutoForward": "silent"
	// },

	// Use 'postCreateCommand' to run commands after the container is created.
	"postCreateCommand": "go version",

	// Uncomment to connect as a non-root trs. More info: https://aka.ms/vscode-remote/containers/non-root.
	//"remoteTrs": "vscode",

	"extensions": [
		"golang.go",
		"esbenp.prettier-vscode",
		"ms-vscode.go"
	]

}